{
  "EntryIndex": 1,
  "Nodes": [
    {
      "Node": "{ \"TimerAction\" : 0.50000} ",
      "Next": -1,
      "Prallel": -1
    },
    {
      "Node": "{ \"LoadScenesAction\" : \"S0302\", { 273.40100, 200.02500, 177.24780} , { 0.00000, 355.92540, 0.00000} , 1, False, 0} ",
      "Next": 0,
      "Prallel": -1
    }
  ],
  "Name": "m1107201_95：前往茶铺"
}