{
  "EntryIndex": 0,
  "Nodes": [
    {
      "Node": "{ \"TimerAction\" : 0.50000} ",
      "Next": 1,
      "Prallel": -1
    },
    {
      "Node": "{ \"LoadScenesAction\" : \"S0110\", { 101.44130, 109.48540, 138.85530} , { 0.00000, 175.38830, 0.00000} , 1, False, 0, \"\", 1.00000} ",
      "Next": 2,
      "Prallel": -1
    },
    {
      "Node": "{ \"TimerAction\" : 0.50000} ",
      "Next": -1,
      "Prallel": -1
    }
  ],
  "Name": "m1306505_16：(发送点)阁中>>山门"
}