{
  "EntryIndex": 0,
  "Nodes": [
    {
      "Node": "{ \"TimerAction\" : 0.50000} ",
      "Next": 1,
      "Prallel": -1
    },
    {
      "Node": "{ \"LoadScenesAction\" : \"S0110\", { 97.20000, 109.39390, 128.31000} , { 0.00000, 33.13418, 0.00000} , 1, False, 0, \"\", 1.00000} ",
      "Next": 2,
      "Prallel": -1
    },
    {
      "Node": "{ \"TimerAction\" : 0.50000} ",
      "Next": -1,
      "Prallel": -1
    }
  ],
  "Name": "m1306505_13：(发送点)一山>>山门"
}