{
  "EntryIndex": 0,
  "Nodes": [
    {
      "Node": "{ \"TimerAction\" : 0.50000} ",
      "Next": 1,
      "Prallel": -1
    },
    {
      "Node": "{ \"LoadScenesAction\" : \"S0603\", { 477.36880, 92.64338, 505.82620} , { 0.00000, 256.50410, 0.00000} , 1, False, 0, \"\", 1.00000} ",
      "Next": 2,
      "Prallel": -1
    },
    {
      "Node": "{ \"TimerAction\" : 0.50000} ",
      "Next": -1,
      "Prallel": -1
    }
  ],
  "Name": "m1306505_14：(发送点)一山>>二山"
}