{
  "EntryIndex": 0,
  "Nodes": [
    {
      "Node": "{ \"TimerAction\" : 0.50000} ",
      "Next": 1,
      "Prallel": -1
    },
    {
      "Node": "{ \"LoadScenesAction\" : \"S0602\", { 549.71280, 31.85639, 287.26480} , { 0.00000, 219.19370, 0.00000} , 1, False, 0, \"\", 1.00000} ",
      "Next": 2,
      "Prallel": -1
    },
    {
      "Node": "{ \"TimerAction\" : 0.50000} ",
      "Next": -1,
      "Prallel": -1
    }
  ],
  "Name": "m1306505_15：(发送点)二山>>一山"
}