{
  "EntryIndex": 0,
  "Nodes": [
    {
      "Node": "{ \"TimerAction\" : 1.00000} ",
      "Next": 1,
      "Prallel": -1
    },
    {
      "Node": "{ \"PlayerTransformAction\" : True, { -1521.35500, 2.93698, -66.46420} , True, { 0.00000, 180.16080, 0.00000} } ",
      "Next": -1,
      "Prallel": -1
    }
  ],
  "Name": "m1101204_21：打南飛鍠戰鬥結束"
}