{
  "EntryIndex": 1,
  "Nodes": [
    {
      "Node": "{ \"TimerAction\" : 0.50000} ",
      "Next": -1,
      "Prallel": -1
    },
    {
      "Node": "{ \"LoadScenesAction\" : \"S0304\", { 185.01480, 200.02500, 130.81380} , { 0.00000, 321.98980, 0.00000} , 1, False, 0} ",
      "Next": 0,
      "Prallel": -1
    }
  ],
  "Name": "m1107201_94：前往酒樓"
}