{
  "EntryIndex": 0,
  "Nodes": [
    {
      "Node": "{ \"TimerAction\" : 0.25000} ",
      "Next": 3,
      "Prallel": -1
    },
    {
      "Node": "{ \"PlayerSimpleTransformAction\" : True, { 597.12770, 29.68526, 243.73180} , 1.50000, True, { 0.00000, 259.92700, 0.00000} } ",
      "Next": -1,
      "Prallel": -1
    },
    {
      "Node": "{ \"ScreenFadeAction\" : False, 0.25000} ",
      "Next": -1,
      "Prallel": -1
    },
    {
      "Node": "{ \"PlayerTransformAction\" : True, { 597.12770, 29.68526, 243.73180} , True, { 0.00000, 259.92700, 0.00000} } ",
      "Next": 2,
      "Prallel": -1
    }
  ],
  "Name": "春校：往竹林門擋"
}