{
  "EntryIndex": -1,
  "Nodes": [
    {
      "Node": "{ \"TimerAction\" : 0.10000} ",
      "Next": 1,
      "Prallel": -1
    },
    {
      "Node": "{ \"CameraTransformAction\" : True, { 441.33440, 41.14347, 296.41310} , 0.00000, True, { 16.85182, 172.60680, 0.44917} , 0.00000, 45} ",
      "Next": 2,
      "Prallel": -1
    },
    {
      "Node": "{ \"NpcTransformAction\" : True, { 443.08870, 38.99850, 293.64610} , True, { 0.00000, 158.30960, 0.00000} , \"in0109\"} ",
      "Next": -1,
      "Prallel": -1
    }
  ],
  "Name": "净五阶战胜"
}