{
  "EntryIndex": 0,
  "Nodes": [
    {
      "Node": "{ \"TimerAction\" : 0.50000} ",
      "Next": 1,
      "Prallel": -1
    },
    {
      "Node": "{ \"SetNpcTransformAction\" : \"in11020_90\", { 275.95260, 200.00000, 183.28450} , { 0.00000, 111.58880, 0.00000} } ",
      "Next": 2,
      "Prallel": -1
    },
    {
      "Node": "{ \"TimerAction\" : 0.50000} ",
      "Next": -1,
      "Prallel": -1
    }
  ],
  "Name": "m1107201_37：［孫大夫看診］周恬來觀摩"
}