{
  "EntryIndex": 1,
  "Nodes": [
    {
      "Node": "{ \"TimerAction\" : 0.50000} ",
      "Next": -1,
      "Prallel": -1
    },
    {
      "Node": "{ \"LoadScenesAction\" : \"S0306\", { 229.93700, 200.00000, 155.01800} , { 0.00000, 139.48090, 0.00000} , 1, False, 0} ",
      "Next": 0,
      "Prallel": -1
    }
  ],
  "Name": "m1107201_96：前往花坊"
}